{
  "experiment_name": "heads_2",
  "final_train_loss": 0.13235401890418388,
  "final_val_loss": 0.14778758927799263,
  "best_val_loss": 0.14778758927799263,
  "model_params": 1681800,
  "train_losses": [
    5.434302007686549,
    3.784015718871756,
    1.4881385373286984,
    0.64142882169392,
    0.36422824979620355,
    0.22493660585134576,
    0.16648138865450732,
    0.13235401890418388
  ],
  "val_losses": [
    4.778306650533909,
    1.9831505955719366,
    0.6778960541617579,
    0.36942021462430313,
    0.24798779606012764,
    0.17904855813944667,
    0.15692837804629717,
    0.14778758927799263
  ],
  "timestamp": "2025-10-21T13:57:41.142126"
}