{
  "experiment_name": "heads_8",
  "final_train_loss": 0.059149401740185154,
  "final_val_loss": 0.09327107270900586,
  "best_val_loss": 0.09327107270900586,
  "model_params": 1681800,
  "train_losses": [
    3.8734464252977725,
    1.1593549068847473,
    0.4563759833174291,
    0.25196032052952594,
    0.15372261108169957,
    0.09721736691173959,
    0.07249790106555588,
    0.059149401740185154
  ],
  "val_losses": [
    1.5246491577567123,
    0.47026150541425477,
    0.2426197413025742,
    0.16202733154669857,
    0.13083125345565794,
    0.10078457689491986,
    0.09594919511937627,
    0.09327107270900586
  ],
  "timestamp": "2025-10-21T15:26:34.726749"
}