{
  "experiment_name": "heads_4",
  "final_train_loss": 0.07158700612957242,
  "final_val_loss": 0.09871686746496934,
  "best_val_loss": 0.09871686746496934,
  "model_params": 1681800,
  "train_losses": [
    3.9604626008978117,
    1.3402419571892041,
    0.5784514012691967,
    0.31462887825834246,
    0.19173087612367204,
    0.12126858772418549,
    0.0894806888949433,
    0.07158700612957242
  ],
  "val_losses": [
    1.6145188504602852,
    0.5856744074421685,
    0.297386828062647,
    0.19611483283267106,
    0.14781940031353746,
    0.11334676174560517,
    0.10561793985025582,
    0.09871686746496934
  ],
  "timestamp": "2025-10-21T14:40:32.050325"
}