{
  "experiment_name": "layers_6",
  "final_train_loss": 0.07518127714127197,
  "final_val_loss": 0.07774874572273026,
  "best_val_loss": 0.07774874572273026,
  "model_params": 2474888,
  "train_losses": [
    4.128505225553947,
    1.4065899254184482,
    0.6130464640961164,
    0.33017418661241676,
    0.2067058488972578,
    0.13195201221761574,
    0.08773531038488348,
    0.07518127714127197
  ],
  "val_losses": [
    1.6889153154884897,
    0.5514660662903291,
    0.27021397948492226,
    0.1636665215252944,
    0.11058019993290101,
    0.09643211714567038,
    0.07970741160402767,
    0.07774874572273026
  ],
  "timestamp": "2025-10-21T18:36:22.045206"
}