{
  "experiment_name": "layers_4",
  "final_train_loss": 0.1014467777412611,
  "final_val_loss": 0.12317953070280675,
  "best_val_loss": 0.12317953070280675,
  "model_params": 2078344,
  "train_losses": [
    4.366533368502677,
    1.8381023055463706,
    0.9106445400500892,
    0.4863615958747371,
    0.28016454187866274,
    0.18202920633756076,
    0.1260328160868069,
    0.1014467777412611
  ],
  "val_losses": [
    2.086941081721608,
    0.8588747148106738,
    0.44512513698782863,
    0.2734289855185169,
    0.18893249059783113,
    0.15391705895876284,
    0.13007310387059456,
    0.12317953070280675
  ],
  "timestamp": "2025-10-21T17:12:49.550577"
}