{
  "experiment_name": "pe_False",
  "final_train_loss": 1.4782360365812277,
  "final_val_loss": 2.828900358735061,
  "best_val_loss": 2.828900358735061,
  "model_params": 1681800,
  "train_losses": [
    5.2946473243696826,
    4.204418203448008,
    3.4480446928752477,
    2.766971025510879,
    2.2416617781117787,
    1.8645904758488536,
    1.6167721008788996,
    1.4782360365812277
  ],
  "val_losses": [
    4.548010146908644,
    3.9538608225380503,
    3.4651476714669203,
    3.174059256693212,
    2.9952390368391826,
    2.9008343731484763,
    2.8548402635062615,
    2.828900358735061
  ],
  "timestamp": "2025-10-21T13:11:10.321630"
}